INSERT INTO METHOD (ID, NAME) VALUES ('1', 'Traditional 2.0');
INSERT INTO METHOD (ID, NAME) VALUES ('2', 'Agile');

INSERT INTO  METHOD_MAPPING (ID, NAME,METHOD_ID)  VALUES('1','WaterFall','1');
INSERT INTO  METHOD_MAPPING (ID, NAME,METHOD_ID)  VALUES('2','Projet Developpement','1');
INSERT INTO  METHOD_MAPPING (ID, NAME,METHOD_ID)  VALUES('3','Projet Etude','1');
INSERT INTO  METHOD_MAPPING (ID, NAME,METHOD_ID)  VALUES('4','Processus Iteratif','2');
INSERT INTO  METHOD_MAPPING (ID, NAME,METHOD_ID)  VALUES('5','Produit Agile','2');

INSERT INTO PROCESS(ID, DISPLAY_NAME,FOLLOW_UP, PROCESS_TYPE,METHOD_ID)  VALUES ('1', 'Processus de Validation Architecture', 'STANDARD','ARCHITECTURE','1');

INSERT INTO PROCESS(ID, DISPLAY_NAME,FOLLOW_UP, PROCESS_TYPE,METHOD_ID)  VALUES ('2', 'Processus de Validation Architecture Allegée', 'LIGHT','ARCHITECTURE','1');

INSERT INTO PROCESS(ID, DISPLAY_NAME,FOLLOW_UP, PROCESS_TYPE,METHOD_ID)  VALUES ('3', 'Processus de Validation Architecture Rapprochée', 'ENFORCED','ARCHITECTURE','1');

INSERT INTO PROCESS(ID, DISPLAY_NAME,FOLLOW_UP, PROCESS_TYPE,METHOD_ID)  VALUES ('4', 'Processus de Validation Architecture', 'STANDARD','ARCHITECTURE','2');

INSERT INTO PROCESS(ID, DISPLAY_NAME,FOLLOW_UP, PROCESS_TYPE,METHOD_ID)  VALUES ('5', 'Processus de Validation Architecture Allegée', 'LIGHT','ARCHITECTURE','2');

INSERT INTO PROCESS(ID, DISPLAY_NAME,FOLLOW_UP, PROCESS_TYPE,METHOD_ID)  VALUES ('6', 'Processus de Validation Architecture Rapprochée', 'ENFORCED','ARCHITECTURE','2');

INSERT INTO PROCESS_ACTIVITY(ID, NAME , PROCESS_ID) VALUES('1','Realiser Comite de Lecture','1');
INSERT INTO PROCESS_ACTIVITY(ID, NAME , PROCESS_ID) VALUES('2','Realiser Comite de Lecture','2');
INSERT INTO PROCESS_ACTIVITY(ID, NAME , PROCESS_ID) VALUES('3','Realiser Comite de Lecture','3');
INSERT INTO PROCESS_ACTIVITY(ID, NAME , PROCESS_ID) VALUES('4','Realiser Comite de Lecture','4');
INSERT INTO PROCESS_ACTIVITY(ID, NAME , PROCESS_ID) VALUES('5','Realiser Comite de Lecture','5');
INSERT INTO PROCESS_ACTIVITY(ID, NAME , PROCESS_ID) VALUES('6','Realiser Comite de Lecture','6');
INSERT INTO PROCESS_ACTIVITY(ID, NAME , PROCESS_ID) VALUES('7','Passer en CAM','1');
INSERT INTO PROCESS_ACTIVITY(ID, NAME , PROCESS_ID) VALUES('8','Passer en CAM','3');
INSERT INTO PROCESS_ACTIVITY(ID, NAME , PROCESS_ID) VALUES('9','Passer en CAM','6');
INSERT INTO ARTIFACT(ID,NAME,TAG)  VALUES('1','Dossier Architecture','Dos_Arch');
INSERT INTO ARTIFACT(ID,NAME,TAG)  VALUES('2','Fiche de Sécurité','Fic_Sec');
INSERT INTO ARTIFACT(ID,NAME,TAG)  VALUES('3','Revue Architecture','Rev_Arch');
INSERT INTO ARTIFACT(ID,NAME,TAG)  VALUES('4','Revue Sécurité','Rev_Sec');
INSERT INTO ARTIFACT(ID,NAME,TAG)  VALUES('5','Revue Preparation','Rev_Prep');
INSERT INTO  ACTIVITY_HAS_ARTIFACT(PROCESS_ACTIVITY_ID,ARTIFACT_ID) VALUES('1','1');
INSERT INTO  ACTIVITY_HAS_ARTIFACT(PROCESS_ACTIVITY_ID,ARTIFACT_ID) VALUES('2','1');
INSERT INTO  ACTIVITY_HAS_ARTIFACT(PROCESS_ACTIVITY_ID,ARTIFACT_ID) VALUES('3','1');
INSERT INTO  ACTIVITY_HAS_ARTIFACT(PROCESS_ACTIVITY_ID,ARTIFACT_ID) VALUES('4','1');
INSERT INTO  ACTIVITY_HAS_ARTIFACT(PROCESS_ACTIVITY_ID,ARTIFACT_ID) VALUES('5','1');
INSERT INTO  ACTIVITY_HAS_ARTIFACT(PROCESS_ACTIVITY_ID,ARTIFACT_ID) VALUES('6','1');
INSERT INTO  ACTIVITY_HAS_ARTIFACT(PROCESS_ACTIVITY_ID,ARTIFACT_ID) VALUES('7','1');
INSERT INTO  ACTIVITY_HAS_ARTIFACT(PROCESS_ACTIVITY_ID,ARTIFACT_ID) VALUES('8','1');
INSERT INTO  ACTIVITY_HAS_ARTIFACT(PROCESS_ACTIVITY_ID,ARTIFACT_ID) VALUES('9','1');
INSERT INTO  ACTIVITY_HAS_ARTIFACT(PROCESS_ACTIVITY_ID,ARTIFACT_ID) VALUES('7','5');
INSERT INTO  ACTIVITY_HAS_ARTIFACT(PROCESS_ACTIVITY_ID,ARTIFACT_ID) VALUES('8','5');
INSERT INTO  ACTIVITY_HAS_ARTIFACT(PROCESS_ACTIVITY_ID,ARTIFACT_ID) VALUES('9','5');
INSERT INTO  ACTIVITY_HAS_ARTIFACT(PROCESS_ACTIVITY_ID,ARTIFACT_ID) VALUES('7','3');
INSERT INTO  ACTIVITY_HAS_ARTIFACT(PROCESS_ACTIVITY_ID,ARTIFACT_ID) VALUES('8','3');
INSERT INTO  ACTIVITY_HAS_ARTIFACT(PROCESS_ACTIVITY_ID,ARTIFACT_ID) VALUES('9','3');









