--CREATE SEQUENCE serial START 100;
--SELECT nextval('serial');

INSERT INTO METHOD (ID, NAME) VALUES ('10001', 'Traditional 2.0');
INSERT INTO METHOD (ID, NAME) VALUES ('10002', 'Agile');



--INSERT INTO  METHOD_MAPPING (ID, NAME,METHOD_ID)  VALUES(nextval('serial'),'WaterFall','1');
--INSERT INTO  METHOD_MAPPING (ID, NAME,METHOD_ID)  VALUES(nextval('serial'),'Projet Developpement','1');
--INSERT INTO  METHOD_MAPPING (ID, NAME,METHOD_ID)  VALUES(nextval('serial'),'Projet Etude','1');
--INSERT INTO  METHOD_MAPPING (ID, NAME,METHOD_ID)  VALUES(nextval('serial'),'Processus Iteratif','2');
--INSERT INTO  METHOD_MAPPING (ID, NAME,METHOD_ID)  VALUES(nextval('serial'),'Produit Agile','2');

INSERT INTO  METHOD_MAPPING (ID, NAME,METHOD_ID)  VALUES('10001','WaterFall','10001');
INSERT INTO  METHOD_MAPPING (ID, NAME,METHOD_ID)  VALUES('10002','Projet Developpement','10001');
INSERT INTO  METHOD_MAPPING (ID, NAME,METHOD_ID)  VALUES('10003','Projet Etude','10001');
INSERT INTO  METHOD_MAPPING (ID, NAME,METHOD_ID)  VALUES('10004','Processus Iteratif','10002');
INSERT INTO  METHOD_MAPPING (ID, NAME,METHOD_ID)  VALUES('10005','Produit Agile','10002');

INSERT INTO PROCESS(ID, DISPLAY_NAME,FOLLOW_UP, PROCESS_TYPE,METHOD_ID)  VALUES ('10001', 'Processus de Validation Architecture', 'STANDARD','ARCHITECTURE','10001');

INSERT INTO PROCESS(ID, DISPLAY_NAME,FOLLOW_UP, PROCESS_TYPE,METHOD_ID)  VALUES ('10002', 'Processus de Validation Architecture Allegée', 'LIGHT','ARCHITECTURE','10001');

INSERT INTO PROCESS(ID, DISPLAY_NAME,FOLLOW_UP, PROCESS_TYPE,METHOD_ID)  VALUES ('10003', 'Processus de Validation Architecture Rapprochée', 'ENFORCED','ARCHITECTURE','10001');

INSERT INTO PROCESS(ID, DISPLAY_NAME,FOLLOW_UP, PROCESS_TYPE,METHOD_ID)  VALUES ('10004', 'Processus de Validation Architecture', 'STANDARD','ARCHITECTURE','10002');

INSERT INTO PROCESS(ID, DISPLAY_NAME,FOLLOW_UP, PROCESS_TYPE,METHOD_ID)  VALUES ('10005', 'Processus de Validation Architecture Allegée', 'LIGHT','ARCHITECTURE','10002');

INSERT INTO PROCESS(ID, DISPLAY_NAME,FOLLOW_UP, PROCESS_TYPE,METHOD_ID)  VALUES ('10006', 'Processus de Validation Architecture Rapprochée', 'ENFORCED','ARCHITECTURE','10002');

INSERT INTO PROCESS_ACTIVITY(ID, NAME , PROCESS_ID) VALUES('10001','Realiser Comite de Lecture','10001');
INSERT INTO PROCESS_ACTIVITY(ID, NAME , PROCESS_ID) VALUES('10002','Realiser Comite de Lecture','10002');
INSERT INTO PROCESS_ACTIVITY(ID, NAME , PROCESS_ID) VALUES('10003','Realiser Comite de Lecture','10003');
INSERT INTO PROCESS_ACTIVITY(ID, NAME , PROCESS_ID) VALUES('10004','Realiser Comite de Lecture','10004');
INSERT INTO PROCESS_ACTIVITY(ID, NAME , PROCESS_ID) VALUES('10005','Realiser Comite de Lecture','10005');
INSERT INTO PROCESS_ACTIVITY(ID, NAME , PROCESS_ID) VALUES('10006','Realiser Comite de Lecture','10006');
INSERT INTO PROCESS_ACTIVITY(ID, NAME , PROCESS_ID) VALUES('10007','Passer en CAM','10001');
INSERT INTO PROCESS_ACTIVITY(ID, NAME , PROCESS_ID) VALUES('10008','Passer en CAM','10003');
INSERT INTO PROCESS_ACTIVITY(ID, NAME , PROCESS_ID) VALUES('10009','Passer en CAM','10006');
INSERT INTO ARTIFACT(ID,NAME,TAG)  VALUES('10001','Dossier Architecture','Dos_Arch');
INSERT INTO ARTIFACT(ID,NAME,TAG)  VALUES('10002','Fiche de Sécurité','Fic_Sec');
INSERT INTO ARTIFACT(ID,NAME,TAG)  VALUES('10003','Revue Architecture','Rev_Arch');
INSERT INTO ARTIFACT(ID,NAME,TAG)  VALUES('10004','Revue Sécurité','Rev_Sec');
INSERT INTO ARTIFACT(ID,NAME,TAG)  VALUES('10005','Revue Preparation','Rev_Prep');
INSERT INTO  ACTIVITY_HAS_ARTIFACT(PROCESS_ACTIVITY_ID,ARTIFACT_ID) VALUES('10001','10001');
INSERT INTO  ACTIVITY_HAS_ARTIFACT(PROCESS_ACTIVITY_ID,ARTIFACT_ID) VALUES('10002','10001');
INSERT INTO  ACTIVITY_HAS_ARTIFACT(PROCESS_ACTIVITY_ID,ARTIFACT_ID) VALUES('10003','10001');
INSERT INTO  ACTIVITY_HAS_ARTIFACT(PROCESS_ACTIVITY_ID,ARTIFACT_ID) VALUES('10004','10001');
INSERT INTO  ACTIVITY_HAS_ARTIFACT(PROCESS_ACTIVITY_ID,ARTIFACT_ID) VALUES('10005','10001');
INSERT INTO  ACTIVITY_HAS_ARTIFACT(PROCESS_ACTIVITY_ID,ARTIFACT_ID) VALUES('10006','10001');
INSERT INTO  ACTIVITY_HAS_ARTIFACT(PROCESS_ACTIVITY_ID,ARTIFACT_ID) VALUES('10007','10001');
INSERT INTO  ACTIVITY_HAS_ARTIFACT(PROCESS_ACTIVITY_ID,ARTIFACT_ID) VALUES('10008','10001');
INSERT INTO  ACTIVITY_HAS_ARTIFACT(PROCESS_ACTIVITY_ID,ARTIFACT_ID) VALUES('10009','10001');
INSERT INTO  ACTIVITY_HAS_ARTIFACT(PROCESS_ACTIVITY_ID,ARTIFACT_ID) VALUES('10007','10005');
INSERT INTO  ACTIVITY_HAS_ARTIFACT(PROCESS_ACTIVITY_ID,ARTIFACT_ID) VALUES('10008','10005');
INSERT INTO  ACTIVITY_HAS_ARTIFACT(PROCESS_ACTIVITY_ID,ARTIFACT_ID) VALUES('10009','10005');
INSERT INTO  ACTIVITY_HAS_ARTIFACT(PROCESS_ACTIVITY_ID,ARTIFACT_ID) VALUES('10007','10003');
INSERT INTO  ACTIVITY_HAS_ARTIFACT(PROCESS_ACTIVITY_ID,ARTIFACT_ID) VALUES('10008','10003');
INSERT INTO  ACTIVITY_HAS_ARTIFACT(PROCESS_ACTIVITY_ID,ARTIFACT_ID) VALUES('10009','10003');









